Domain,Prompt,Response,Factual Hallucinations,Logical Hallucinations,Contradictory Hallucinations
history,"Compare the causes and effects of the American and French Revolutions, focusing on economic, social, and philosophical factors. How did Enlightenment ideals shape both?","Compare the causes and effects of the American and French Revolutions, focusing on economic, social, and philosophical factors. How did Enlightenment ideals shape both?
The American and French Revolutions were both caused by a combination of economic, social, and philosophical factors. In the American Revolution, the colonies were seeking greater representation in the British Parliament and greater economic independence from British taxation. The Enlightenment ideals of reason, individualism, and democracy also played a significant role in shaping the American Revolution.

In the French Revolution, the Enlightenment ideals of reason, individualism, and democracy also played a significant role in shaping the revolution. However, the French Revolution was also fueled by economic factors, such as high taxes and a lack of economic opportunities for the working class. The Enlightenment ideals of reason and individualism also played a role in shaping the French Revolution, as the revolutionaries sought to overthrow the monarchy and establish a republic based on the principles of reason and democracy.

Overall, the American and French Revolutions were both shaped by a combination of economic, social, and philosophical factors, including Enlightenment ideals. While the American Revolution was primarily driven by economic and political factors, the French Revolution was also influenced by Enlightenment ideals of reason and individualism.",4,0,1
history,"Discuss how World War I led to the decline of empires, such as the Austro-Hungarian and Ottoman Empires. What role did colonialism play in this process?","Discuss how World War I led to the decline of empires, such as the Austro-Hungarian and Ottoman Empires. What role did colonialism play in this process?
World War I led to the decline of empires such as the Austro-Hungarian and Ottoman Empires due to several reasons. Firstly, the war resulted in the loss of millions of lives and significant economic damage to these empires. Secondly, the war weakened the empires' military capabilities, making them vulnerable to external threats. Thirdly, the war led to the collapse of the Ottoman Empire, which was weakened by the loss of territories and resources.

Colonialism played a significant role in the decline of these empires. The empires' involvement in colonialism led to the exploitation of resources and labor, which weakened the economies of these empires. Additionally, the empires' involvement in colonialism led to the loss of cultural and intellectual resources, which further weakened the empires.

Furthermore, the empires' involvement in colonialism led to the spread of nationalism and the desire for self-determination, which further weakened the empires. The desire for self-determination led to the formation of new nations and the collapse of empires.

In conclusion, World War I led to the decline of empires such as the Austro-Hungarian and Ottoman Empires due to several reasons, including the loss of resources, weakened military capabilities, and the desire for self-determination. Colonialism played a significant role in this process by exploiting resources and weakening the empires' economies.",4,0,1
history,"Analyze the influence of the Silk Road on cultural, technological, and religious exchanges between East and West. How did it evolve during the Tang and Mongol periods?","Analyze the influence of the Silk Road on cultural, technological, and religious exchanges between East and West. How did it evolve during the Tang and Mongol periods?
The Silk Road was a network of trade routes that connected the East and West during the Tang and Mongol periods. It facilitated cultural, technological, and religious exchanges between the two regions. The Silk Road evolved during these periods, with the Tang period seeing the emergence of a more organized and centralized system of trade, while the Mongol period saw the expansion of the Silk Road into new territories and the emergence of new trade routes.

During the Tang period, the Silk Road was primarily used for trade in silk, spices, and other luxury goods. The Tang government established a system of tolls and taxes to regulate trade along the Silk Road, and the government also established a postal system to facilitate communication between the different regions.

During the Mongol period, the Silk Road continued to be a major trade route, but it also became a cultural exchange route. The Mongols established a system of tribute and tribute payments to the Chinese emperor, and they also established a system of diplomatic relations with the Chinese court. The Silk Road also facilitated the spread of Buddhism, which was introduced to the West by the Tang dynasty.

Overall, the Silk Road played a crucial role in the cultural, technological, and religious exchanges between East and West during the Tang and Mongol periods. It facilitated the exchange of ideas, technologies, and religions, and it helped to shape the cultural and intellectual landscape of both regions.",4,1,1
history,"Explain how the Cold War impacted global politics, economics, and technology, comparing the strategies of the US and USSR in the Space Race and nuclear arms development.","Explain how the Cold War impacted global politics, economics, and technology, comparing the strategies of the US and USSR in the Space Race and nuclear arms development.
The Cold War had a significant impact on global politics, economics, and technology. The US and USSR engaged in a competition for dominance in space exploration and nuclear arms development, with the US ultimately emerging as the victor.

In the Space Race, the US pursued a policy of ""firsts"" in space exploration, sending the first human into space in 1961 and landing the first man on the moon in 1969. The USSR, on the other hand, focused on developing a space station and launching a satellite, but ultimately failed to catch up with the US.

In nuclear arms development, the US pursued a policy of ""mutually assured destruction"" (MAD), meaning that the US would not use nuclear weapons against the USSR unless the USSR first used theirs against the US. This policy was known as ""brinksmanship"" and ultimately led to the collapse of the Soviet Union in 1991.

The Cold War also had a significant impact on global economics, with the US and USSR engaging in a trade war and engaging in proxy wars in various countries. The US also pursued a policy of ""rollback"" of Soviet influence in Eastern Europe, which ultimately led to the collapse of the Soviet Union.

Overall, the Cold War had a profound impact on global politics, economics, and technology, with the US ultimately emerging as the victor in the Space Race and the USSR ultimately collapsing due to its inability to compete with the US in nuclear arms development.",4,1,1
history,Examine the role of women in leadership and military roles during ancient and medieval times. Compare this with women's involvement in leadership during World War II.,"Examine the role of women in leadership and military roles during ancient and medieval times. Compare this with women's involvement in leadership during World War II.
During ancient and medieval times, women were often excluded from leadership roles and military service. However, there were some notable exceptions, such as the role of women in the military during the Roman Republic and the Byzantine Empire. In these periods, women were often involved in military service as soldiers or as advisors to military leaders.

During World War II, women played a significant role in leadership and military service. Women served in a variety of roles, including nurses, secretaries, and codebreakers. They also worked in factories and other civilian roles to support the war effort.

Despite the challenges faced by women during ancient and medieval times, their contributions to leadership and military service during World War II demonstrate the progress that has been made in gender equality.",3,1,0
technology,"Assess the impact of the internet on the development of global economies and cultures, comparing it to the impact of the printing press in the 16th century.","Assess the impact of the internet on the development of global economies and cultures, comparing it to the impact of the printing press in the 16th century.
The internet has had a significant impact on the development of global economies and cultures, particularly in the areas of commerce, communication, and information sharing. It has enabled the spread of ideas and knowledge across the world, facilitated the growth of international trade and investment, and enabled the emergence of new industries and technologies.

In comparison, the printing press had a much more limited impact on the development of global economies and cultures. While it did facilitate the spread of ideas and knowledge, it did not have the same level of impact on international trade and investment as the internet. Additionally, the printing press did not have the same level of impact on the emergence of new industries and technologies as the internet.

Overall, while the internet has had a significant impact on the development of global economies and cultures, it is important to recognize that it is not the only factor that has contributed to these changes. Other factors, such as advancements in transportation and communication technologies, changes in government policies and regulations, and cultural and social factors, have also played a role in shaping the global economy and culture.",3,1,1
technology,"Discuss the ethical implications of AI in decision-making across fields such as healthcare, law enforcement, and autonomous vehicles. How might biases in algorithms be addressed?","Discuss the ethical implications of AI in decision-making across fields such as healthcare, law enforcement, and autonomous vehicles. How might biases in algorithms be addressed?
The ethical implications of AI in decision-making across fields such as healthcare, law enforcement, and autonomous vehicles are significant. In healthcare, AI can be used to diagnose and treat diseases, but it can also be biased and perpetuate existing inequalities. For example, AI may be used to recommend treatments based on race or socioeconomic status, which can lead to disparities in healthcare outcomes.

In law enforcement, AI can be used to analyze large amounts of data and make decisions based on patterns and trends. However, this can also lead to biased decision-making, as AI algorithms may be trained on data that is biased or incomplete. For example, an AI system that is trained on data from predominantly white communities may be biased against people of color, leading to discriminatory outcomes.

In autonomous vehicles, AI can be used to make decisions about driving, such as whether to stop or yield to pedestrians or other vehicles. However, this can also lead to biased decision-making, as AI algorithms may be trained on data that is biased or incomplete. For example, an AI system that is trained on data from predominantly white communities may be biased against people of color, leading to discriminatory outcomes.

To address these biases, it is important to ensure that AI algorithms are transparent and explainable, and that they are regularly evaluated and updated to ensure they are fair and unbiased. Additionally, it is important to ensure that AI systems are diverse and representative of the communities they serve, and that they are subject to ongoing evaluation and improvement.",5,1,1
technology,Compare the evolution of communication technologies from the telegraph to 5G networks. How have these developments affected global information dissemination and geopolitics?,"Compare the evolution of communication technologies from the telegraph to 5G networks. How have these developments affected global information dissemination and geopolitics?
The evolution of communication technologies from the telegraph to 5G networks has had a significant impact on global information dissemination and geopolitics. The telegraph was the first communication technology that allowed for the transmission of messages over long distances. It was used to communicate between cities and countries, and it was a crucial tool for the development of global trade and commerce.

The telegraph was followed by the telephone, which allowed for the transmission of voices over long distances. This technology revolutionized the way people communicated, and it played a crucial role in the development of modern society.

The advent of the internet in the 1990s marked a major turning point in communication technology. The internet allowed for the transmission of data and information at a much faster rate than the telegraph or telephone. This technology has had a profound impact on global information dissemination, and it has enabled the spread of information and knowledge around the world.

The development of 5G networks has further advanced communication technology. 5G networks are capable of transmitting data at speeds that are orders of magnitude faster than previous generations of networks. This technology has the potential to revolutionize the way we communicate and work, and it has the potential to transform the way we live and work.

In terms of geopolitics, the development of communication technology has had a significant impact on global politics. The telegraph and telephone allowed for the transmission of messages between countries, and it played a crucial role in the development of international relations. The internet has enabled the spread of information and ideas around the world, and it has played a key role in the development of global politics.

In conclusion, the evolution of communication technology from the telegraph to 5G networks has had a profound impact on global information dissemination and geopolitics. The development of these technologies has enabled the spread of information and ideas around the world, and it has played a key role in the development of global politics.",3,0,1
technology,"Analyze how renewable energy technologies, like solar and wind power, are reshaping global energy markets. What challenges and opportunities do they present compared to fossil fuels?","Analyze how renewable energy technologies, like solar and wind power, are reshaping global energy markets. What challenges and opportunities do they present compared to fossil fuels?
Renewable energy technologies, like solar and wind power, are reshaping global energy markets by providing a reliable and sustainable source of energy. These technologies have the potential to significantly reduce greenhouse gas emissions and dependence on fossil fuels, which are major contributors to climate change.

One of the main challenges presented by renewable energy technologies is the intermittency of their output. Solar and wind power are dependent on weather conditions and can be affected by natural disasters and other factors beyond their control. This means that they may not always be able to provide a constant supply of energy, which can be problematic for some applications.

Another challenge is the high initial cost of installing renewable energy technologies. This can make them less attractive for some consumers and industries, which may result in a slower adoption rate. However, as technology improves and costs continue to decrease, the cost of renewable energy may become more competitive with fossil fuels.

Opportunities presented by renewable energy technologies include the potential for job creation and economic growth, as well as the reduction of greenhouse gas emissions and dependence on fossil fuels. Renewable energy technologies can also help to reduce energy costs and improve energy security.

Overall, renewable energy technologies present both challenges and opportunities compared to fossil fuels. While they may not always provide a constant supply of energy, they have the potential to significantly reduce greenhouse gas emissions and dependence on fossil fuels, which are major contributors to climate change.",4,1,1
technology,"Evaluate the potential of quantum computing in cybersecurity. How does it differ from traditional encryption methods, and what are the risks and benefits?","Evaluate the potential of quantum computing in cybersecurity. How does it differ from traditional encryption methods, and what are the risks and benefits?
Quantum computing has the potential to revolutionize cybersecurity by providing a more secure and faster alternative to traditional encryption methods. Unlike traditional encryption methods, quantum computers can perform multiple calculations simultaneously, making them faster and more efficient than traditional computers. This means that quantum computers can crack even the most complex encryption codes, making them a valuable tool for cybersecurity.

However, there are also risks associated with quantum computing. One major risk is the potential for quantum computers to be hacked, as they are vulnerable to attacks that traditional computers are not. Additionally, quantum computers are still relatively new and may not be widely available for many years, which could make it difficult to implement them in real-world applications.

Despite these risks, quantum computing has the potential to revolutionize cybersecurity by providing a more secure and faster alternative to traditional encryption methods. However, it is important to continue researching and developing new cybersecurity technologies to mitigate the risks associated with quantum computing.",4,0,0
medicine,Compare the evolution of vaccine development from the discovery of smallpox vaccination to mRNA technology in COVID-19. What challenges have arisen in vaccine distribution?,"Compare the evolution of vaccine development from the discovery of smallpox vaccination to mRNA technology in COVID-19. What challenges have arisen in vaccine distribution?
The evolution of vaccine development from the discovery of smallpox vaccination to mRNA technology in COVID-19 has been a significant challenge. The smallpox vaccine was developed in the late 18th century and was effective in preventing the disease. However, the vaccine was not widely available and was only administered to a small percentage of the population.

In the 20th century, vaccines were developed for other diseases such as polio, measles, and mumps. These vaccines were effective in preventing the diseases and were widely distributed. However, the development of vaccines for new diseases is a complex process that requires extensive research and testing.

In the case of COVID-19, the development of a vaccine was a major challenge due to the complexity of the virus and the need for a vaccine that could be administered to a large number of people. The development of a vaccine required the collaboration of scientists from around the world and the use of advanced technology such as mRNA technology.

The distribution of vaccines has also been a challenge due to the need for strict regulations and guidelines to ensure the safety and efficacy of the vaccines. The distribution of vaccines has also been affected by the COVID-19 pandemic, with many countries implementing lockdowns and travel restrictions to prevent the spread of the virus.

Overall, the evolution of vaccine development from smallpox vaccination to mRNA technology in COVID-19 has been a significant challenge, but the development of vaccines for new diseases remains a critical area of research and development.",4,1,1
medicine,"Discuss the role of genomics in personalized medicine. How does it differ from traditional treatments, and what ethical concerns does it raise?","Discuss the role of genomics in personalized medicine. How does it differ from traditional treatments, and what ethical concerns does it raise?
Genomics plays a crucial role in personalized medicine as it allows for the identification of individual genetic variations that can affect the efficacy and toxicity of drugs. This information can be used to tailor treatments to an individual's specific genetic makeup, leading to more personalized and effective treatments.

However, genomics also raises ethical concerns as it raises questions about the use of genetic information for personal gain or discrimination. For example, genetic testing can reveal information about an individual's predisposition to certain diseases, which can be used to make decisions about insurance coverage or employment opportunities.

Furthermore, the use of genomics in personalized medicine raises concerns about the potential for genetic engineering and the manipulation of the human genome. This raises questions about the safety and ethics of such practices, and the potential for unintended consequences.

Overall, while genomics has the potential to revolutionize personalized medicine, it also raises important ethical concerns that must be carefully considered and addressed.",4,0,1
medicine,"Analyze the impact of antibiotic resistance on global health. How have practices in medicine and agriculture contributed to this problem, and what solutions exist?","Analyze the impact of antibiotic resistance on global health. How have practices in medicine and agriculture contributed to this problem, and what solutions exist?
Antibiotic resistance is a growing global health threat that has been facilitated by the overuse and misuse of antibiotics in medicine and agriculture. The overuse of antibiotics in hospitals and clinics has led to the emergence of antibiotic-resistant bacteria that can spread easily from person to person. Similarly, the overuse of antibiotics in agriculture has led to the emergence of antibiotic-resistant bacteria that can contaminate food and water supplies.

The overuse of antibiotics in medicine and agriculture has been facilitated by the lack of regulation and oversight of these practices. In many countries, there are no laws or regulations that govern the use of antibiotics in medicine and agriculture. This has led to the widespread use of antibiotics without proper prescription or monitoring, which has contributed to the emergence of antibiotic-resistant bacteria.

Solutions to address the problem of antibiotic resistance include:

1. Strengthening regulations and oversight of antibiotic use in medicine and agriculture.

2. Promoting the use of alternative treatments for bacterial infections, such as vaccines and natural remedies.

3. Reducing the use of antibiotics in livestock farming.

4. Promoting the use of sustainable farming practices that do not rely on the use of antibiotics.

5. Increasing public awareness and education about the importance of responsible antibiotic use and the risks of antibiotic resistance.",4,1,1
medicine,Examine the relationship between mental health awareness and public health policies over the past 50 years. How have societal attitudes toward mental illness evolved?,"Examine the relationship between mental health awareness and public health policies over the past 50 years. How have societal attitudes toward mental illness evolved?
Over the past 50 years, there has been a significant shift in societal attitudes toward mental health. In the past, mental illness was often stigmatized and viewed as a personal weakness or character flaw. However, in recent years, there has been a growing recognition of the importance of mental health and the need for public health policies to address the mental health needs of the population.

Public health policies have also evolved over the past 50 years, with a greater emphasis on prevention and early intervention. This has been driven in part by the recognition that mental illness can be prevented and treated early, and that early intervention can lead to better outcomes for individuals with mental illness.

In addition, there has been a growing recognition of the need for mental health services to be accessible and affordable for all members of society. This has led to the development of programs such as Medicaid expansion, which has made mental health care more accessible to millions of people.

Overall, the relationship between mental health awareness and public health policies over the past 50 years has been marked by a growing recognition of the importance of mental health and the need for public health policies to address the mental health needs of the population.",4,0,0
medicine,"Evaluate the potential of CRISPR technology in treating genetic disorders. Compare its effectiveness with other gene therapies, and discuss ethical considerations.","Evaluate the potential of CRISPR technology in treating genetic disorders. Compare its effectiveness with other gene therapies, and discuss ethical considerations.
CRISPR technology has the potential to revolutionize the treatment of genetic disorders. It has the ability to edit DNA sequences, which can be used to correct genetic mutations that cause diseases. CRISPR has been shown to be effective in treating genetic disorders such as sickle cell anemia and cystic fibrosis.

Compared to other gene therapies, CRISPR has several advantages. It is a more precise and targeted approach, as it only targets the mutated genes responsible for the disease. Additionally, CRISPR does not require the use of viruses, which can be difficult to control and may cause unwanted side effects.

However, there are also ethical considerations to consider. CRISPR can be used to modify the DNA of embryos, which raises concerns about the safety and potential for unintended consequences. Additionally, there are concerns about the long-term effects of CRISPR on the human body, as it may have unintended consequences on the immune system and other systems.

Overall, CRISPR has the potential to revolutionize the treatment of genetic disorders, but it is important to carefully consider the ethical implications of its use.",4,1,1
